<?xml version="1.0" encoding="utf-8"?>
<Protocols>
	<Protocol Name="Ether_arp" Dependence="ETHERNET">
            <Category Name="Header">
                <Field Name="ar_hrd" Type="int"  Length="2" Editable = "false" DefaultValue="1" Tip="Format of hardware address"/>
                <Field Name="ar_pro" Type="int"  Length="2"  Editable = "false" DefaultValue="2048" Tip="Format of protocol address"/>
                <Field Name="ar_hln" Type="int"  Length="1"  Editable = "false" DefaultValue="6" Tip="Length of hardware address"/>
                <Field Name="ar_pln" Type="int"  Length="1"  Editable = "false" DefaultValue="4" Tip="Length of protocol address"/>
                <Field Name="ar_op" Type="int"  Length="2" Editable = "false" Tip="ARP opcode (command)">
                    <Item Value="1" Text="arp request"/>
                    <Item Value="2" Text="arp response"/>
		    <Item Value="3" Text="rarp request"/>
                    <Item Value="4" Text="rarps response"/>
                </Field>
            </Category>
            <Category Name="Data">
                <Field Name="arp_sha" Type="mac"  Tip="sender hardware address"/>
                <Field Name="arp_spa" Type="ip"  Tip="sender protocol address"/>
                <Field Name="arp_tha" Type="mac"  Tip="target hardware address"/>
                <Field Name="arp_tpa" Type="ip"  Tip="target protocol address"/>
            </Category>
        </Protocol>
</Protocols>
