<?xml version="1.0" encoding="utf-8"?>
<Protocols>
 	<Protocol Name="ICMP_PING" Dependence="IP" DependenceParam="ICMP">
            <Category Name="Header">
                <Field Name="type" Type="int"  Editable = "false" Length="1" Tip="type">
                    <Item Value="0" Text="ping response"/>
                    <Item Value="8" Text="ping request"/>
                </Field>
                <Field Name="code" Type="int"  Editable = "false" Length="1" DefaultValue="0" Tip="code"/>
                <Field Name="checksum" Type="int"  Length="2" DefaultValue="checksum" Tip="The sum of a pseudo header of information from the icmp header and the data, padded with zero octets at the end(If zero, the program will automatically generate)"/>
            </Category>
            <Category Name="Data">
                <Field Name="id" Type="int"  Length="2" DefaultValue="pid" Tip="Unique id for this process"/>
                <Field Name="seq" Type="int"  Length="2" DefaultValue="seq" Tip="Sequence"/>
                <Field Name="otime" Type="int"  Length="4" DefaultValue="second" Tip="seconds from 1970-1-1"/>
                <Field Name="rtime" Type="int"  Length="4" DefaultValue="millisecond" Tip="millisecond from the start of this second"/>
            </Category>
            
        </Protocol>
</Protocols>
