<?xml version="1.0" encoding="utf-8"?>
<Protocols>
 	<Protocol Name="NETFLOW_V5" Dependence="UDP">
            <Category Name="Header">
                <Field Name="version" Optional="false" Type="int"  Editable = "false" Length="2" Text="version" DefaultValue="5" Tip="NetFlow export format version number"/>
                <Field Name="count" Type="int"  Length="2" Tip="Number of flows exported in this packet (1-30)"/>
                <Field Name="sys_uptime" Type="int"  Length="4" DefaultValue="0" Tip="Current time in milliseconds since the export device booted"/>
                <Field Name="unix_secs" Type="int"  Length="4" DefaultValue="second" Tip="Current count of seconds since 0000 UTC 1970"/>
                <Field Name="unix_nsecs" Type="int"  Length="4" DefaultValue="0" Tip="Residual nanoseconds since 0000 UTC 1970"/>
                <Field Name="flow_sequence" Type="int"  Length="4" Tip="Sequence counter of total flows seen"/>
                <Field Name="engine_type" Type="int"  Length="1" Tip="Type of flow-switching engine"/>
                <Field Name="engine_id" Type="int"  Length="1" Tip="Slot number of the flow-switching engine"/>
                <Field Name="sampling_interval" Type="int"  Length="2" Tip="First two bits hold the sampling mode; remaining 14 bits hold value of sampling interval"/>
            </Category>
            <Category Name="Record" Many="true">
                <Field Name="srcaddr" Type="ip"  Tip="Source IP address"/>
                <Field Name="dstaddr" Type="ip"  Tip="Destination IP address"/>
                <Field Name="nexthop" Type="ip"  Tip="IP address of next hop router"/>
                <Field Name="input" Type="int"  Length="2" Tip="SNMP index of input interface"/>
                <Field Name="output" Type="int"  Length="2" Tip="SNMP index of output interface"/>
                <Field Name="dPkts" Type="int"  Length="4" Tip="Packets in the flow"/>
                <Field Name="dOctets" Type="int"  Length="4" Tip="Total number of Layer 3 bytes in the packets of the flow"/>
                <Field Name="first" Type="int"  Length="4" Tip="SysUptime at start of flow"/>
                <Field Name="last" Type="int"  Length="4" Tip="SysUptime at the time the last packet of the flow was received"/>
                <Field Name="srcport" Type="int"  Length="2" Tip="TCP/UDP source port number or equivalent"/>
                <Field Name="dstport" Type="int"  Length="2" Tip="TCP/UDP destination port number or equivalent"/>
                <Field Name="pad1" Type="int"  Length="1" DefaultValue="0" Tip="Unused (zero) bytes"/>
                <Field Name="tcp_flags" Type="int"  Length="1" Tip="Cumulative OR of TCP flags"/>
                <Field Name="prot" Type="int"  Length="1" Tip="IP protocol type (for example, TCP = 6; UDP = 17)"/>
                <Field Name="tos" Type="int"  Length="1" Tip="IP type of service (ToS)"/>
                <Field Name="src_as" Type="int"  Length="2" Tip="Autonomous system number of the source, either origin or peer"/>
                <Field Name="dst_as" Type="int"  Length="2" Tip="Autonomous system number of the destination, either origin or peer"/>
                <Field Name="src_mask" Type="int"  Length="1" Tip="Source address prefix mask bits"/>
                <Field Name="dst_mask" Type="int"  Length="1" Tip="Destination address prefix mask bits"/>
                <Field Name="pad2" Type="int"  Length="2" DefaultValue="0" Tip="Unused (zero) bytes"/>          
            </Category>
        </Protocol>
</Protocols>
